Workbook

Sheet Products
B2: Worksheet 1
B4: Product ID | C4: Product | D4: Price
B5: 101 | C5: Product A | D5: 120
B6: 102 | C6: Product B | D6: 150
B7: 103 | C7: Product C | D7: 200
B8: 104 | C8: Product D | D8: 90
B9: 105 | C9: Product E | D9: 220
B10: 106 | C10: Product F | D10: 130

Sheet Orders
B2: Worksheet 2
G3: 1. Use VLOOKUP to find the product names for each ProductID in the Orders worksheet.
B4: Order ID | C4: Product ID | D4: Quantity | G4: Order ID | H4: Product ID | I4: Quantity | J4: Product Name
B5: 1 | C5: 101 | D5: 2 | G5: 1 | H5: 101 | I5: 2 | J5: =VLOOKUP(H5,Products!$B$4:$D$10,2,0) -> Product A
B6: 2 | C6: 103 | D6: 1 | G6: 2 | H6: 103 | I6: 1 | J6: =VLOOKUP(H6,Products!$B$4:$D$10,2,0) -> Product C
B7: 3 | C7: 105 | D7: 4 | G7: 3 | H7: 105 | I7: 4 | J7: =VLOOKUP(H7,Products!$B$4:$D$10,2,0) -> Product E
B8: 4 | C8: 106 | D8: 3 | G8: 4 | H8: 106 | I8: 3 | J8: =VLOOKUP(H8,Products!$B$4:$D$10,2,0) -> Product F
B9: 5 | C9: 102 | D9: 5 | G9: 5 | H9: 102 | I9: 5 | J9: =VLOOKUP(H9,Products!$B$4:$D$10,2,0) -> Product B
B10: 6 | C10: 104 | D10: 6 | G10: 6 | H10: 104 | I10: 6 | J10: =VLOOKUP(H10,Products!$B$4:$D$10,2,0) -> Product D
G13: 2. Use VLOOKUP to find the price for each ProductID in the Orders worksheet, then calculate the TotalPrice by multiplying the Quantity by the Product Price.
G14: Order ID | H14: Product ID | I14: Quantity | J14: Price | K14: Total Price
G15: 1 | H15: 101 | I15: 2 | J15: =VLOOKUP(H15,Products!$B$4:$D$10,3,0) -> 120 | K15: =I15*J15 -> 240
G16: 2 | H16: 103 | I16: 1 | J16: =VLOOKUP(H16,Products!$B$4:$D$10,3,0) -> 200 | K16: =I16*J16 -> 200
G17: 3 | H17: 105 | I17: 4 | J17: =VLOOKUP(H17,Products!$B$4:$D$10,3,0) -> 220 | K17: =I17*J17 -> 880
G18: 4 | H18: 106 | I18: 3 | J18: =VLOOKUP(H18,Products!$B$4:$D$10,3,0) -> 130 | K18: =I18*J18 -> 390
G19: 5 | H19: 102 | I19: 5 | J19: =VLOOKUP(H19,Products!$B$4:$D$10,3,0) -> 150 | K19: =I19*J19 -> 750
G20: 6 | H20: 104 | I20: 6 | J20: =VLOOKUP(H20,Products!$B$4:$D$10,3,0) -> 90 | K20: =I20*J20 -> 540
G23: 3. Use VLOOKUP to check if there are any ProductIDs in the Orders worksheet that do not exist in the Products worksheet.
B24: Order ID | C24: Product ID | D24: Quantity | G24: Order ID | H24: Product ID | I24: Quantity | J24: Product exists or not
B25: 1 | C25: 101 | D25: 2 | G25: 1 | H25: 101 | I25: 2 | J25: =IF(ISNA(VLOOKUP(H25,Products!$B$4:$D$10,1,0)),"Not Exist","Exists") -> Exists
B26: 2 | C26: 103 | D26: 1 | G26: 2 | H26: 103 | I26: 1 | J26: =IF(ISNA(VLOOKUP(H26,Products!$B$4:$D$10,1,0)),"Not Exist","Exists") -> Exists
B27: 3 | C27: 105 | D27: 4 | G27: 3 | H27: 105 | I27: 4 | J27: =IF(ISNA(VLOOKUP(H27,Products!$B$4:$D$10,1,0)),"Not Exist","Exists") -> Exists
B28: 4 | C28: 106 | D28: 3 | G28: 4 | H28: 106 | I28: 3 | J28: =IF(ISNA(VLOOKUP(H28,Products!$B$4:$D$10,1,0)),"Not Exist","Exists") -> Exists
B29: 5 | C29: 102 | D29: 5 | G29: 5 | H29: 102 | I29: 5 | J29: =IF(ISNA(VLOOKUP(H29,Products!$B$4:$D$10,1,0)),"Not Exist","Exists") -> Exists
B30: 6 | C30: 104 | D30: 6 | G30: 6 | H30: 104 | I30: 6 | J30: =IF(ISNA(VLOOKUP(H30,Products!$B$4:$D$10,1,0)),"Not Exist","Exists") -> Exists
B31: 7 | C31: 107 | D31: 7 | G31: 7 | H31: 107 | I31: 7 | J31: =IF(ISNA(VLOOKUP(H31,Products!$B$4:$D$10,1,0)),"Not Exist","Exists") -> Not Exist
G34: 4. Assume a discount of 10% is given on all products. Use VLOOKUP to find the original price and then calculate the discounted price.
G35: Order ID | H35: Product ID | I35: Quantity | J35: Original Price | K35: Discount Amount (10%) | L35: Discounted Price
G36: 1 | H36: 101 | I36: 2 | J36: =VLOOKUP(H36,Products!$B$4:$D$10,3,0) -> 120 | K36: =J36*10% -> 12 | L36: =J36-K36 -> 108
G37: 2 | H37: 103 | I37: 1 | J37: =VLOOKUP(H37,Products!$B$4:$D$10,3,0) -> 200 | K37: =J37*10% -> 20 | L37: =J37-K37 -> 180
G38: 3 | H38: 105 | I38: 4 | J38: =VLOOKUP(H38,Products!$B$4:$D$10,3,0) -> 220 | K38: =J38*10% -> 22 | L38: =J38-K38 -> 198
G39: 4 | H39: 106 | I39: 3 | J39: =VLOOKUP(H39,Products!$B$4:$D$10,3,0) -> 130 | K39: =J39*10% -> 13 | L39: =J39-K39 -> 117
G40: 5 | H40: 102 | I40: 5 | J40: =VLOOKUP(H40,Products!$B$4:$D$10,3,0) -> 150 | K40: =J40*10% -> 15 | L40: =J40-K40 -> 135
G41: 6 | H41: 104 | I41: 6 | J41: =VLOOKUP(H41,Products!$B$4:$D$10,3,0) -> 90 | K41: =J41*10% -> 9 | L41: =J41-K41 -> 81
G44: 5. Use VLOOKUP to find the price for each ProductID and then calculate the order value. Find the maximum order value from the list.
G45: Order ID | H45: Product ID | I45: Quantity | J45: Price | K45: Order value
G46: 1 | H46: 101 | I46: 2 | J46: =VLOOKUP(H46,Products!$B$4:$D$10,3,0) -> 120 | K46: =I46*J46 -> 240
G47: 2 | H47: 103 | I47: 1 | J47: =VLOOKUP(H47,Products!$B$4:$D$10,3,0) -> 200 | K47: =I47*J47 -> 200
G48: 3 | H48: 105 | I48: 4 | J48: =VLOOKUP(H48,Products!$B$4:$D$10,3,0) -> 220 | K48: =I48*J48 -> 880 | L48: Max Order Value: | M48: =MAX(K46:K51) -> 880
G49: 4 | H49: 106 | I49: 3 | J49: =VLOOKUP(H49,Products!$B$4:$D$10,3,0) -> 130 | K49: =I49*J49 -> 390
G50: 5 | H50: 102 | I50: 5 | J50: =VLOOKUP(H50,Products!$B$4:$D$10,3,0) -> 150 | K50: =I50*J50 -> 750
G51: 6 | H51: 104 | I51: 6 | J51: =VLOOKUP(H51,Products!$B$4:$D$10,3,0) -> 90 | K51: =I51*J51 -> 540
G54: 6. Use VLOOKUP to find out which products from the Products worksheet have not been ordered.
B55: Product ID | C55: Product | D55: Price | G55: Product ID | H55: Product | I55: Price | J55: Order Status
B56: 101 | C56: Product A | D56: 120 | G56: 101 | H56: Product A | I56: 120 | J56: =IF(ISNA(VLOOKUP(G56,Products!$B$4:$D$10,1,0)),"Not Ordered","Ordered") -> Ordered
B57: 102 | C57: Product B | D57: 150 | G57: 102 | H57: Product B | I57: 150 | J57: =IF(ISNA(VLOOKUP(G57,Products!$B$4:$D$10,1,0)),"Not Ordered","Ordered") -> Ordered
B58: 103 | C58: Product C | D58: 200 | G58: 103 | H58: Product C | I58: 200 | J58: =IF(ISNA(VLOOKUP(G58,Products!$B$4:$D$10,1,0)),"Not Ordered","Ordered") -> Ordered
B59: 104 | C59: Product D | D59: 90 | G59: 104 | H59: Product D | I59: 90 | J59: =IF(ISNA(VLOOKUP(G59,Products!$B$4:$D$10,1,0)),"Not Ordered","Ordered") -> Ordered
B60: 105 | C60: Product E | D60: 220 | G60: 105 | H60: Product E | I60: 220 | J60: =IF(ISNA(VLOOKUP(G60,Products!$B$4:$D$10,1,0)),"Not Ordered","Ordered") -> Ordered
B61: 106 | C61: Product F | D61: 130 | G61: 106 | H61: Product F | I61: 130 | J61: =IF(ISNA(VLOOKUP(G61,Products!$B$4:$D$10,1,0)),"Not Ordered","Ordered") -> Ordered
B62: 107 | C62: Product G | D62: 230 | G62: 107 | H62: Product G | I62: 230 | J62: =IF(ISNA(VLOOKUP(G62,Products!$B$4:$D$10,1,0)),"Not Ordered","Ordered") -> Not Ordered
G65: 7. Use VLOOKUP to find the Product name and summarize the total quantity sold for each product.
B66: Order ID | C66: Product ID | D66: Quantity | G66: Order ID | H66: Product ID | I66: Product Name | J66: Price | K66: Quantities Sold | L66: Total Price | O66: Product Name | P66: Quantities Sold | Q66: Total Price
B67: 1 | C67: 101 | D67: 2 | G67: 1 | H67: 101 | I67: {=VLOOKUP(H67,Products!$B$4:$D$10,{2,3},0)} -> Product A | J67: 120 | K67: =VLOOKUP(H67,$C$4:$D$10,2,0) -> 2 | L67: =J67*K67 -> 240 | O67: Product B | P67: =SUMIF(I67:I73,O67,K67:K73) -> 9 | Q67: =SUMIF(I67:I73,O67,L67:L73) -> 1350
B68: 2 | C68: 103 | D68: 1 | G68: 2 | H68: 103 | I68: {=VLOOKUP(H68,Products!$B$4:$D$10,{2,3},0)} -> Product C | J68: 200 | K68: =VLOOKUP(H68,$C$4:$D$10,2,0) -> 1 | L68: =J68*K68 -> 200
B69: 3 | C69: 105 | D69: 4 | G69: 3 | H69: 105 | I69: {=VLOOKUP(H69,Products!$B$4:$D$10,{2,3},0)} -> Product E | J69: 220 | K69: =VLOOKUP(H69,$C$4:$D$10,2,0) -> 4 | L69: =J69*K69 -> 880
B70: 4 | C70: 106 | D70: 3 | G70: 4 | H70: 106 | I70: {=VLOOKUP(H70,Products!$B$4:$D$10,{2,3},0)} -> Product F | J70: 130 | K70: =VLOOKUP(H70,$C$4:$D$10,2,0) -> 3 | L70: =J70*K70 -> 390
B71: 5 | C71: 102 | D71: 5 | G71: 5 | H71: 102 | I71: {=VLOOKUP(H71,Products!$B$4:$D$10,{2,3},0)} -> Product B | J71: 150 | K71: =VLOOKUP(H71,$C$4:$D$10,2,0) -> 5 | L71: =J71*K71 -> 750
B72: 6 | C72: 104 | D72: 6 | G72: 6 | H72: 104 | I72: {=VLOOKUP(H72,Products!$B$4:$D$10,{2,3},0)} -> Product D | J72: 90 | K72: =VLOOKUP(H72,$C$4:$D$10,2,0) -> 6 | L72: =J72*K72 -> 540
B73: 7 | C73: 102 | D73: 4 | G73: 7 | H73: 102 | I73: {=VLOOKUP(H73,Products!$B$4:$D$10,{2,3},0)} -> Product B | J73: 150 | K73: 4 | L73: =J73*K73 -> 600
